num_trees15,min_distance_park,num_build50,mean_fa_ratio,Sensor.ID,Latitude,Longitude
1,342.55129146563706,19,1.213484222273485,Bk-EF_35,-8232213.663433644,4524774.136492586
2,886.0738810922905,11,0.727678136694217,Bk-EF_30,-8231648.250589202,4524789.596543468
0,947.6786892385857,16,0.950669277588904,Bk-EF_22,-8231564.274504933,4524844.530485785
0,652.7168010353821,30,1.0488577730594169,Bk-EF_23,-8231875.969079153,4524848.983265417
0,321.0572775841612,24,1.2743508197129936,Bk-EF_03,-8232210.484148987,4524852.990767084
3,206.7490853231064,13,0.7922303049621445,Bk-EF_05,-8232324.023350425,4524868.830417429
3,841.7499168405194,11,1.0035043468389035,Bk-EF_19,-8231573.379326084,4524951.28921704
1,908.5757794689058,3,0.5229949588544176,Bk-EF_21,-8231344.809242028,4524969.061373745
0,535.8945605588829,15,0.9463275043226516,Bk-EF_26,-8231992.07530805,4524973.327136632
2,842.2201970867316,1,0.0949351992839432,Bk-EF_24,-8231472.453736145,4524982.915084374
2,800.8196551889317,11,1.0267551646599342,Bk-EF_19,-8231577.775332774,4524992.402844574
0,288.69169760891646,12,0.7496373341821297,Bk-EF_18,-8232245.772427567,4525013.847431281
1,730.7443400659253,17,0.8134962787664254,Bk-EF_27,-8231799.818755085,4525013.952071602
0,747.4984943992285,21,0.9800113634743203,Bk-EF_31,-8231631.066199408,4525034.88681504
0,208.52659519032616,8,,Bk-EF_08,-8232344.7354548825,4525052.697933568
2,541.4813751270997,23,1.1519307966910484,Bk-EF_13,-8232000.535589351,4525075.518429181
1,645.101939529557,21,0.7964219122281294,Bk-EF_29,-8231898.637067063,4525094.735512876
3,646.0622668976614,31,1.0315866809512373,Bk-EF_15,-8231810.934006242,4525119.560872518
1,704.2210927032851,24,1.1633296181135906,Bk-EF_20,-8231474.259338287,4525132.385991052
0,629.3752473886913,18,0.8177439248225571,Bk-EF_28,-8231686.725944803,4525145.093110926
1,611.297168394929,27,1.0600585349181304,Bk-EF_25,-8231584.602557145,4525187.8720780425
1,414.5864188747302,16,0.6209807702846668,Bk-EF_34,-8232217.163318435,4525227.580853604
1,560.1193110273591,16,0.8721257173796522,Bk-EF_16,-8231995.902472143,4525235.404387416
0,681.0941702312629,9,0.906848673159465,Bk-EF_01,-8231330.503574264,4525254.186211904
1,561.9281394512782,18,0.7043080687678479,Bk-EF_02,-8231537.857276571,4525259.706545453
1,481.15151680741695,25,0.8217981937578159,Bk-EF_04,-8231812.483573552,4525284.4651134
2,454.6266728001711,22,0.8042127498182322,Bk-EF_06,-8231828.97221653,4525311.187357164
3,429.59362023794944,13,0.9840897220755705,Bk-EF_32,-8232300.47593854,4525317.656132774
2,462.0947217794221,10,0.6997587456922952,Bk-EF_17,-8231981.062470826,4525334.268340385
1,467.9512722770967,21,1.0250776387685556,Bk-EF_07,-8231601.566534347,4525334.336245274
0,384.0199057295986,17,0.8719765792172942,Bk-EF_11,-8231731.253741121,4525386.656405947
1,450.4144075610145,28,1.0177171785825159,Bk-EF_33,-8231508.6147595355,4525406.6939142905
3,493.193877068641,2,0.3841719024014285,Bk-EF_36,-8232229.201408168,4525430.27583522
1,499.61183088369205,1,0.24237586111026818,Bk-EF_14,-8232211.708663385,4525433.29927259
2,382.2376561080686,10,0.9316491828825813,Bk-EF_09,-8231568.076065542,4525448.259498958
1,509.3243342903501,22,1.0464879627648773,Bk-EF_10,-8231263.345638666,4525484.801235005
0,508.1645963202189,23,1.0515838226387095,Bk-EF_12,-8231247.904512097,4525488.179781551
1,373.79862696781487,15,0.6201517198093736,Bk-BR_23,-8228280.349526529,4526118.02546046
2,218.51202736769463,14,0.747443385932734,Bk-BR_05,-8227809.596097889,4526139.460028411
1,378.03115676937637,18,0.6566457223166944,Bk-BR_28,-8228372.410745415,4526175.1323592365
3,42.92844091050002,13,0.8630656156062764,Bk-BR_13,-8227621.359291738,4526186.427947967
3,248.5735901665411,25,0.9191307437354724,Bk-BR_31,-8227860.982288035,4526205.12962242
1,37.24203992698821,2,0.6168822453261398,Bk-BR_12,-8227423.189447421,4526257.174823951
2,197.48378916848526,8,1.1097076379796258,Bk-BR_03,-8228167.830011627,4526263.624675247
2,136.1016048581094,19,0.6452592058230752,Bk-BR_30,-8228089.25514905,4526321.403943749
3,324.66414284612694,23,0.8814088878911615,Bk-BR_25,-8228419.832848493,4526335.209786997
1,133.8379369945908,12,0.8612462700322779,Bk-BR_06,-8227623.5645308485,4526347.343611494
3,77.41698521608706,23,0.9240519441787344,Bk-BR_11,-8227781.526888285,4526393.318561191
3,58.22714269492409,11,0.8105308631832503,Bk-BR_15,-8227591.64255367,4526429.544149885
1,202.07533367175773,20,1.264702194495023,Bk-BR_21,-8228559.984087403,4526460.889492103
2,129.13016296904874,25,1.2792989389559875,Bk-BR_22,-8228266.511400631,4526515.109876484
0,95.99169312543646,12,0.8157852424514852,Bk-BR_27,-8228647.703846147,4526549.945084737
0,201.9329226290654,1,0.04311719088211788,NYCHA-BR_10,-8227416.956669132,4526556.917024446
0,165.62313836843535,1,0.5328938590863924,NYCHA-BR_02,-8227460.065141942,4526557.964540854
2,152.55073723081418,12,1.1641104137115497,Bk-BR_08,-8228466.269774078,4526574.1247913325
1,5.389516539165053,10,1.2047195882552966,Bk-BR_18,-8227850.767611559,4526585.456002301
0,149.40547683879223,0,0.0,NYCHA-BR_11,-8227310.251371232,4526609.847215928
1,19.185317004553657,15,,Bk-BR_04,-8228124.502239419,4526627.868728292
0,193.33993965421593,1,0.6783870448155962,NYCHA-BR_15,-8227350.1393711725,4526628.279497214
0,136.26421046854108,1,0.7711495436116602,NYCHA-BR_07,-8227282.744325057,4526631.181596338
0,77.5152238622114,2,0.6111053803949631,NYCHA-BR_04,-8227211.178137622,4526631.988662646
0,83.4667981864493,1,0.7711495436116602,NYCHA-BR_06,-8227218.829126224,4526632.782370617
1,1.531534040857765,6,1.037607981048068,Bk-BR_02,-8227963.474143208,4526633.886659965
0,104.64781865553154,24,1.4309345463998497,Bk-BR_20,-8228280.349526529,4526659.038185715
0,158.8051960368614,2,0.5909506153007399,NYCHA-BR_09,-8227460.32562955,4526663.961846792
0,119.4016650805987,1,0.7711495436116602,NYCHA-BR_14,-8227229.410043823,4526671.224330372
0,150.07798161898387,1,0.709714728857475,NYCHA-BR_08,-8227435.170764216,4526678.730603636
0,122.4540762490448,2,0.48016582501458493,NYCHA-BR_05,-8227183.502999015,4526695.13241741
0,140.5352896355896,1,0.8195008225472039,NYCHA-BR_13,-8227214.704739089,4526704.022391944
3,108.39609517340482,24,0.9083783368270453,Bk-BR_32,-8228189.827856203,4526713.763960583
3,45.223998749233836,23,1.286143257026326,Bk-BR_24,-8228321.301740804,4526729.306387888
2,18.541262674557373,4,0.9645098883195353,Bk-BR_17,-8227761.063026293,4526733.006647762
0,183.02632085868004,1,0.8195008225472039,NYCHA-BR_03,-8227226.918713619,4526744.979058998
0,129.27212540195023,0,0.0,NYCHA-BR_01,-8227141.96301783,4526756.595247861
3,165.64312146577873,26,1.0039141098694895,Bk-BR_29,-8228558.6482535135,4526823.791032088
0,66.3182378226616,17,1.1854002331162987,Bk-BR_09,-8227957.523003229,4526829.357006628
1,98.50544211581895,23,0.9546278770131721,Bk-BR_10,-8228224.689781134,4526832.696591352
0,96.2552439175879,10,0.7223324484552684,Bk-BR_07,-8227645.828429009,4526863.866048774
5,52.14255371093537,23,1.0085337768919544,Bk-BR_26,-8228137.592298343,4526869.053537046
1,62.684676199020366,19,1.3857283144680035,Bk-BR_33,-8227912.995206911,4526879.450777486
1,61.44668413157911,19,0.9697618053590913,Bk-BR_35,-8228235.823956602,4526894.694868554
2,82.47799749012337,8,1.4026068193172412,Bk-BR_16,-8227808.243566076,4526916.742806901
2,67.77623832282183,15,1.882184872860581,Bk-BR_01,-8228392.821174053,4526941.242000435
1,100.82689474914989,23,1.3016265790760924,Bk-BR_34,-8227923.741990553,4526945.54115917
3,44.36577089451265,13,0.9172540045082093,Bk-EN_26,-8225562.477479642,4526972.644115593
2,16.05638746586244,9,0.8758477160697891,Bk-EN_19,-8225447.9364027865,4527011.587013057
2,46.60200965197967,14,1.0461856574570179,Bk-EN_03,-8225902.073171036,4527046.545785946
1,246.21674052832483,1,0.08978946423627479,Bk-EN_08,-8226141.610451326,4527055.097349228
0,71.89178527401256,5,1.0139642455561453,Bk-EN_14,-8225936.406328387,4527075.595720263
0,225.16184843639334,2,0.21705641863046232,Bk-EN_02,-8226091.14042059,4527099.62848513
3,18.423928189871212,20,0.9416053721422818,Bk-EN_33,-8225389.73412022,4527125.838659237
2,99.0006272875105,7,1.1333786161801207,Bk-EN_16,-8225747.50383168,4527155.522001457
5,127.23136849601805,22,1.2949930543553265,Bk-EN_18,-8225194.44633752,4527163.197480349
2,217.63789061176163,9,1.0658904484293636,Bk-EN_13,-8226058.330113874,4527192.98546289
3,99.50746581676951,25,1.4343210136366344,Bk-EN_04,-8225831.646895185,4527196.045635691
4,118.22941596457848,18,1.3785650315305746,Bk-EN_18,-8225204.585316743,4527202.970821214
3,4.8857494601527325,14,0.8888631127624519,Bk-EN_15,-8225356.536421674,4527213.778830574
0,171.7649707291506,11,1.0421881038683392,Bk-EN_11,-8226037.373106536,4527294.0045612
5,64.56374376706198,27,1.253610643629599,Bk-EN_30,-8225551.240890242,4527298.2347018495
3,127.05575771706415,22,0.8674953152966517,Bk-EN_32,-8225441.5444376245,4527328.697280506
2,112.09682664558174,16,1.2972327225036901,Bk-EN_06,-8225762.225834337,4527337.971307283
2,23.943951999953583,13,1.3540080338680254,Bk-EN_25,-8225585.934722743,4527343.952503523
2,156.8678410671869,21,1.5579171794807938,Bk-EN_21,-8225302.441828319,4527388.626128374
2,17.008378758153757,3,0.40453635414665845,Bk-EN_21,-8225107.983375827,4527416.007383524
3,118.18645552978263,1,0.18966486384264866,Bk-EN_12,-8226078.8429564405,4527417.277538914
3,20.226985285959493,10,1.0357190722686183,Bk-EN_01,-8225908.5553049855,4527437.790381482
3,16.068883998100667,8,0.9475024737094088,Bk-EN_02,-8225918.301326404,4527440.558897219
2,121.72274015817449,14,1.1617283021054685,Bk-EN_23,-8225705.0855397135,4527529.876090657
1,28.344549780185236,15,1.4217376919247235,Bk-EN_22,-8225319.377975647,4527540.861098008
1,236.09997420735112,1,0.1373901398968065,Bk-EN_05,-8226203.6844257815,4527545.14133243
2,0.6761082065522505,1,1.4554463565319398,Bk-EN_24,-8225176.875669094,4527548.045657944
0,3.002429779787637,0,0.0,Bk-EN_20,-8225921.239047765,4527583.978476376
1,2.987131990270615,1,0.05388609660214417,Bk-EN_20,-8225899.887969432,4527587.135497136
2,122.36878649777836,23,1.1605991305832493,Bk-EN_34,-8225509.025199748,4527594.130813937
3,277.38116729048295,1,0.020055925744221197,Bk-EN_17,-8226287.879809447,4527624.957407328
1,140.31413201622797,13,1.00444696348,Bk-EN_28,-8225712.047460669,4527632.218777712
1,89.5636292275246,11,0.8839447872447045,Bk-EN_31,-8225506.8934315,4527662.793789054
0,109.18174639048864,12,0.6450444524222244,Bk-EN_27,-8225382.9258201625,4527666.145618921
2,175.95491670710456,12,1.11764696553111,Bk-EN_09,-8226090.352278595,4527676.3981440235
3,55.68631171356262,17,0.9549250252116562,Bk-EN_29,-8225563.781030879,4527746.734251087
1,115.43779670422694,12,0.9074046897902139,Bk-EN_35,-8225621.261963146,4527789.368502866
1,132.70558142193937,7,1.288364710412247,Bk-RH_01,-8235825.79834592,4528052.463213796
2,163.08130190322376,15,1.0680921136581951,Bk-RH_04,-8235879.494415499,4528141.975216343
1,140.2775113271675,15,1.0837695655184554,Bk-RH_03,-8235856.086152975,4528146.489221694
0,91.06340847076798,17,1.0528300823882921,Bk-RH_05,-8236202.31648602,4528194.72061747
2,140.13627788948818,9,0.34450336548657545,Bk-RH_15,-8235765.033488676,4528278.127859142
1,263.6844887260095,21,1.4079551217478403,Bk-RH_16,-8237028.470747358,4528285.582925441
4,421.603096022904,21,1.2075241368977392,Bk-RH_13,-8236715.76984494,4528296.132673583
0,90.75265855725911,14,1.0082237704992982,Bk-RH_02,-8236168.044554389,4528360.593337921
2,167.25204556290586,26,1.5445702124481093,Bk-RH_11,-8237039.093966363,4528381.443478548
3,341.27547594829207,11,1.1792036711380964,Bk-RH_06,-8236463.397427363,4528456.422721571
1,231.21304384940416,23,1.360804121694677,Bk-RH_07,-8236813.848995498,4528499.759399337
3,46.85607510505499,22,1.2884780846010389,Bk-SH_05,-8229956.831076631,4528507.69647903
2,70.06436562178912,18,1.5991137365004517,Bk-RH_14,-8237287.084848785,4528548.781163497
2,100.6698458704005,21,1.1281299800182762,Bk-SH_23,-8230305.918981004,4528552.916682581
3,65.07040549421555,13,1.1395419855098807,Bk-SH_16,-8229483.310245449,4528562.371046934
3,139.28202765822522,6,0.6697313051232182,Bk-SH_25,-8229362.374977039,4528613.585805062
2,125.4483188587183,19,1.0325706650550333,Bk-SH_24,-8229722.792979187,4528641.341093702
3,181.95005427242197,22,1.366175827006587,Bk-SH_02,-8230163.278638282,4528651.185076273
6,221.90625995490694,24,1.656502772855326,Bk-RH_17,-8236833.197436192,4528690.552100997
5,116.27622379073426,20,1.4655983337104825,Bk-RH_08,-8237323.3493993,4528691.9035196155
3,85.60519772847158,12,1.1609585279920909,Bk-SH_26,-8229400.229169885,4528701.45807151
2,107.53392347471487,13,1.288455681164798,Bk-SH_03,-8230051.783262691,4528707.6908498
3,87.05499417946305,17,1.171198431982366,Bk-RH_10,-8237131.139600521,4528718.226126408
2,52.3780653245716,18,1.4534950917803315,Bk-SH_14,-8230007.360106696,4528741.714538966
2,103.28504943354763,17,1.1695792355282686,Bk-SH_27,-8229724.656467462,4528743.487858455
3,175.57774509516017,22,1.4482051375644545,Bk-SH_20,-8230291.693463276,4528802.97365475
1,106.98859270549622,25,1.6605599527663932,Bk-SH_13,-8229554.897583588,4528804.172565665
4,369.18897132876447,20,1.2817905490466805,Bk-RH_09,-8237528.521239586,4528845.428682148
2,175.43268832722669,24,1.5462819328282549,Bk-SH_19,-8230301.00533868,4528885.317795285
2,111.79264600363611,16,1.0157784539964032,Bk-SH_32,-8229754.02366233,4528891.9323994275
2,114.80939987270817,14,1.3037691312600688,Bk-SH_35,-8229393.379681616,4528906.051050445
1,118.0031248292167,20,1.2271558078074354,Bk-SH_04,-8229826.92902324,4528927.650371243
1,170.45952357854074,15,1.0590519663661604,Bk-SH_11,-8229787.269228254,4528974.160767691
3,189.91779422527182,19,1.2956233052893495,Bk-SH_12,-8229518.276810701,4528975.287320938
4,263.99863666082115,23,1.4430476685530977,Bk-SH_15,-8230240.473139172,4528975.722580148
3,31.005760704846626,21,1.1317461211051234,Bk-SH_01,-8229354.004864529,4528982.21695924
4,19.496123353986302,22,1.1771205790116697,Bk-SH_17,-8229338.129591945,4528984.039259305
3,189.30288792029606,22,1.4551380697231162,Bk-SH_22,-8229927.714350619,4529011.518475606
1,112.3030211091491,20,1.1912014442911076,Bk-SH_31,-8229447.148108864,4529016.182762271
0,211.24351870142317,19,1.200886507817612,Bk-SH_06,-8229677.854413949,4529030.032020121
3,252.70179440636852,15,1.4567999042166357,Bk-SH_30,-8230116.184927701,4529032.035770955
2,258.13689809937733,21,1.2249837072457541,Bk-SH_09,-8230056.646811246,4529068.255793675
3,108.05109568191067,14,0.9649028964326217,Bk-SH_18,-8229466.458700932,4529095.042602744
2,339.2445041728458,22,1.4969911618329355,Bk-SH_29,-8230133.66988012,4529122.699930232
1,118.48861844145068,23,1.2873399686772315,Bk-SH_07,-8229642.454815875,4529128.661088963
2,321.01738190589253,23,1.6195004597798242,Bk-SH_10,-8230321.070676897,4529133.489015278
2,121.16157238617178,16,1.1080429699427012,Bk-SH_21,-8229378.849148482,4529146.188342788
1,288.8054003066735,21,1.0763071111803968,Bk-SH_33,-8229828.469684991,4529150.034431196
3,346.72834703715665,23,1.4064750810871183,Bk-SH_08,-8230010.641805286,4529168.886386962
2,227.08404887477207,21,1.1798976316903125,Bk-SH_28,-8229772.278945624,4529196.503639433
2,452.58238266780137,18,1.1011214858947738,Q-JC_01,-8212986.9784319205,4530518.901266413
3,272.65865936224765,17,1.2748487803828514,Q-CH_33,-8208369.611819855,4530620.250983611
0,124.76521755811508,21,1.2185052059362822,Q-CH_26,-8208561.188210731,4530656.272857636
0,221.28833143492884,20,1.2982110412354226,Q-CH_29,-8208451.565228978,4530679.898193168
1,614.327962009765,5,0.864834429438595,Q-JC_04,-8212874.03590295,4530698.047722946
0,176.4133190800114,19,1.1880452669373578,Q-CH_26,-8208548.413185969,4530709.286538738
4,500.3983943259683,17,1.1998085424805829,Q-CH_13,-8209179.667056436,4530757.61923525
1,196.4304810276144,20,0.8613759870743551,Q-CH_22,-8208739.510903033,4530771.976109977
2,322.8307599581515,19,1.092155497768975,Q-CH_07,-8208935.840636165,4530807.608365785
0,266.73107168026786,20,1.7571391057242518,Q-CH_10,-8208796.321691964,4530829.956866757
1,354.66105705104377,23,1.1404965652446228,Q-CH_04,-8208415.3541118195,4530834.178101848
1,462.36230686125396,32,1.2510077455151265,Q-CH_11,-8208341.03165379,4530912.616041451
2,346.3028380063818,27,1.2873857631672574,Q-CH_03,-8208716.382052431,4530924.157646256
1,21.702436761523465,14,1.1824940396708978,Q-JC_03,-8213466.302348157,4530946.963670335
4,431.3779560636519,17,1.3065138660273765,Q-CH_25,-8208493.60614787,4530963.004808958
1,496.93477972550187,19,1.2304357756234072,Q-CH_12,-8209014.760589164,4530969.645016585
1,589.6794940923631,23,1.1788659308045546,Q-CH_20,-8209149.364777845,4530970.076936209
0,589.9381649557222,22,1.1103493582073511,Q-CH_19,-8208286.478424133,4531031.667784075
2,460.14593924068294,8,0.9241680562086114,Q-CH_28,-8208757.025911716,4531035.563966252
1,501.59505538509217,16,1.3175680678506112,Q-CH_27,-8208889.521709242,4531045.907773336
3,570.2373219593575,38,1.169976843783531,Q-CH_02,-8208374.713592119,4531062.922957504
2,678.8049588396287,26,1.278623783942651,Q-CH_09,-8208186.647104788,4531065.434325217
1,183.01839163555402,36,1.396375647495804,Q-JC_02,-8213370.996166114,4531077.3087753
1,473.8052162103963,8,1.0728898232805215,Q-CH_21,-8209286.308902225,4531128.443383396
2,598.7153242158753,17,1.0655702627333958,Q-CH_35,-8208483.289057464,4531142.869276207
1,496.441968411834,21,1.1983013575092283,Q-CH_16,-8208812.144644387,4531148.733586983
2,511.6606694211889,13,,Q-CH_08,-8208659.231739053,4531167.250471081
4,673.8638218520767,14,1.0371094547437343,Q-CH_17,-8208275.768375922,4531212.755652527
2,484.43764070000924,17,1.1494748469298957,Q-CH_14,-8208557.178482673,4531233.010233877
2,434.872008585743,8,,Q-CH_32,-8208700.949831422,4531236.596947871
1,337.50261535672456,22,1.2968066005445562,Q-CH_23,-8208916.19942521,4531288.064401244
1,279.7844139662117,12,1.2565454576630006,Q-CH_24,-8209160.665932552,4531302.666178851
1,407.96694165495603,19,1.0645431003115349,Q-CH_06,-8208549.403929437,4531325.752728048
5,205.3730048385937,22,1.2630966263232244,Q-CH_01,-8209111.3680960545,4531380.4139376115
2,205.69779601301767,27,1.3341560364835496,Q-CH_15,-8208708.509538042,4531471.043587846
1,260.3255018419592,0,0.0,Q-CH_31,-8208587.375007746,4531484.960750585
2,71.69259935386856,25,1.3514075792806732,Q-CH_34,-8209044.996076058,4531532.735736448
1,100.02543761906689,2,0.5424666343598186,Bk-RH_19,-8231272.506119562,4536082.90099831
2,55.63385810581231,13,1.0139410452339968,M-EH_01,-8231907.368967921,4540512.222273746
2,32.749409038441584,3,1.114693246754882,M-EH_35,-8231417.784734216,4540518.430561747
2,21.245141993877745,7,0.7964579758973969,M-EH_26,-8231950.146821843,4540562.340534891
4,143.13846587923888,10,0.989616213666811,M-EH_16,-8231233.092340652,4540594.309266257
0,225.53118908388888,1,0.7868399308400174,NYCHA-EH_10,-8232282.613613047,4540635.462968808
1,9.93343089209921,0,0.0,M-EH_32,-8230841.491522745,4540636.333487226
3,35.57924758168855,16,1.1162989974164528,M-EH_15,-8231993.299822448,4540640.432270878
0,244.8359578024576,1,0.7868399308400174,Bk-RH_22,-8232301.387645167,4540656.975460404
0,259.00638822541,1,0.7868399308400174,NYCHA-EH_05,-8232287.988118063,4540669.974237344
1,182.63666574857726,8,0.7798962988886484,M-EH_33,-8231664.061296478,4540672.063704187
0,74.48647773703378,12,1.1372131512208212,M-EH_31,-8231303.675576985,4540676.4997858945
1,107.3785135438031,9,1.162915639417412,M-EH_07,-8231847.803021592,4540682.827185752
0,263.07154515117594,1,0.36300543209970215,NYCHA-EH_06,-8232247.1205066005,4540717.78595864
0,252.229135351059,1,0.36300543209970215,NYCHA-EH_08,-8232224.549366648,4540731.513878245
2,151.64407858822247,4,0.6361911216737686,M-EH_04,-8231542.1397373825,4540736.709158881
4,107.03528768213289,9,0.9755362411268271,M-EH_02,-8231378.09265658,4540759.175658511
1,170.8629155704126,4,0.8896168946246542,M-EH_19,-8231146.466852503,4540765.044422067
0,238.9835101355516,1,0.7932705344724726,NYCHA-EH_03,-8232203.9007143,4540772.293547307
0,212.9365137250071,1,0.7932705344724726,NYCHA-EH_04,-8232174.377672147,4540784.3884099815
4,196.7547609090328,1,0.2717576219212017,M-EH_23,-8232271.719887677,4540797.900369775
0,107.22221482020956,0,0.0,NYCHA-EH_09,-8232026.803649592,4540839.3757856535
2,67.01821173390975,14,1.9120296102238927,M-EH_11,-8231728.847013731,4540865.521394457
0,79.67641294856756,1,0.9472669781440414,NYCHA-EH_13,-8232015.177441973,4540866.080218301
1,8.760521412877017,15,1.6360909536133161,M-EH_09,-8231673.212871817,4540883.486133881
0,124.89615979782434,1,1.1492148406065685,NYCHA-EH_12,-8232164.441294401,4540889.630969773
0,115.49410613777465,1,0.07129754081948127,M-EH_28,-8231458.187030205,4540898.248211554
0,59.35814031901267,1,0.8150703094589522,NYCHA-EH_01,-8232080.287098945,4540909.580535717
1,9.318374134531467,13,0.8601508762732805,M-EH_12,-8231562.810653629,4540917.849347494
1,4.698757630907809,9,0.9694709544740676,M-EH_17,-8231579.636594661,4540925.521486799
0,34.5212915722058,1,0.42580962199292227,NYCHA-EH_02,-8231966.8636697745,4540950.728672294
2,84.4543958905113,2,0.20745324100483695,M-EH_03,-8232291.382249337,4540961.390853123
0,59.042596367581474,4,1.064831668490384,M-EH_25,-8231092.279863968,4540967.934212792
2,15.299781092598222,1,0.45515442811679097,NYCHA-EH_11,-8232080.259269072,4540977.568914719
3,109.53244226019244,14,1.1388357467675885,M-EH_18,-8231465.164535888,4540980.330751286
1,101.99363248060357,11,,M-EH_06,-8231714.444498012,4541004.459250916
0,18.506752687973755,1,0.824937010150108,NYCHA-EH_15,-8231944.320359695,4541009.036708376
0,13.599520489969535,2,0.6560212207462353,NYCHA-EH_14,-8231973.516122546,4541038.820238139
0,117.50054587985282,11,1.529047296450947,M-EH_34,-8231609.470218194,4541058.103000334
1,57.05671833695056,1,0.050782927789161304,M-EH_10,-8231194.800662208,4541061.575055252
1,99.5513094770177,13,1.2788793219560655,M-EH_14,-8231456.405918352,4541068.344393487
1,103.79771541485086,0,0.0,M-EH_27,-8231870.494386595,4541070.588594421
0,73.10381508445653,1,0.4871054313423626,NYCHA-EH_07,-8232004.326018012,4541113.838442985
4,130.46275262919283,11,1.077138231215006,M-EH_20,-8231154.46627111,4541124.118797959
1,124.72022518653864,2,0.3306101339190012,M-EH_13,-8232093.472892628,4541164.114777806
1,236.9828963436209,15,1.3471329427820247,M-EH_30,-8230955.087497125,4541193.3116538515
2,160.15312436610643,2,0.17250727574418034,M-EH_05,-8232007.431831805,4541221.851744901
3,136.24620401555956,11,1.0922995777781555,M-EH_29,-8231260.358936727,4541224.833994059
2,27.39685899476683,0,0.0,M-EH_22,-8232149.320767966,4541252.6616403675
2,70.6164388686732,1,0.06871478542139839,M-EH_08,-8231845.281635126,4541322.9053522535
0,51.639611479969815,9,0.8635449096415343,M-EH_24,-8231372.5823417865,4541358.554305985
4,127.22275633221538,3,0.6060221981736055,M-CH_35,-8232054.080264422,4542020.014720279
1,86.46004933834533,5,0.6091098549372579,M-CH_28,-8231542.010606772,4542085.693219847
3,227.39071656035352,1,0.22556275913253004,M-CH_26,-8232020.6844171835,4542114.636287453
2,207.52270642556576,9,0.9779143418736671,M-CH_14,-8232145.724035218,4542115.348732194
2,96.94991833900465,1,0.006745308696531045,Bx-MT_19,-8227379.552207031,4542120.981498429
1,211.35783191453578,2,0.7060389731933199,Bx-MT_31,-8227882.865473534,4542142.040919696
1,242.37883180380592,11,1.0899937864165334,M-CH_20,-8231835.439878945,4542156.769601523
0,176.4828997584478,1,0.031587554447054696,Bx-MT_08,-8227303.298355838,4542186.771317488
4,161.55056471209068,20,1.0570561572639074,M-CH_11,-8232143.135857056,4542209.2578546265
2,18.69541627783453,1,0.14828484030850117,M-CH_32,-8232304.690494459,4542231.609695183
5,7.398159830932754,9,1.1759886008149962,M-CH_10,-8231551.019693162,4542232.429006635
5,19.002926101356646,13,1.336956137171452,M-CH_16,-8231586.53840309,4542234.86133751
5,190.64772502316134,22,1.5510280622156594,M-CH_21,-8231809.1773846755,4542238.200922233
1,110.41291860805441,1,0.010512628930555573,Bx-MT_14,-8227422.974600804,4542240.371652304
1,156.59311385565573,3,0.20293560161251115,Bx-MT_28,-8227805.5674455175,4542247.889057517
2,254.44226252325538,1,0.02984785667740529,Bx-MT_13,-8227245.078262152,4542253.229053491
4,208.62722280834427,24,1.3313876053581233,M-CH_15,-8232049.09426443,4542259.147910817
1,1.6375304985468278,2,0.539836640690198,M-CH_17,-8232335.278864141,4542275.946021977
0,0.0,0,0.0,M-CH_10,-8231464.086963218,4542287.181498182
4,156.1223691578648,2,0.2187222817000286,Bx-MT_21,-8227615.772166493,4542343.286521542
3,192.69398139043784,10,1.5195058630214695,M-CH_27,-8231797.611289583,4542365.746342005
1,72.18249712026683,3,,Bx-MT_02,-8228164.0640732525,4542365.767492708
1,209.6579553280368,4,0.09871955403627848,Bx-MT_24,-8227542.523941552,4542403.844324534
0,74.77727844905544,3,0.47857836550496824,Bx-MT_03,-8227991.030169959,4542408.631062638
3,62.477279722654814,5,0.6898580243493899,Bx-MT_30,-8228141.242464445,4542413.755098799
3,109.94400149044417,7,0.7726991167409786,M-CH_03,-8232310.115093246,4542448.594759832
4,140.1353240228104,16,1.3768603317952852,M-CH_08,-8231664.462046645,4542448.594759832
1,108.22493864185334,9,1.3725989420084161,M-CH_30,-8231775.781537439,4542451.934344557
4,48.611379644081495,17,1.4146132609836943,M-CH_13,-8232098.608060738,4542463.066293635
1,78.38657382921772,6,0.5948562785614241,Bx-MT_33,-8228103.3148007365,4542468.120198518
1,21.261237835074326,4,0.5527374510228071,Bx-MT_16,-8228172.07017103,4542483.494533392
1,196.83226076454685,5,0.18375487377608726,Bx-MT_09,-8227771.508134114,4542487.6679011015
2,0.0,8,1.052679226051589,M-CH_31,-8232120.871958897,4542520.9524288485
1,37.6099263346083,8,0.9023849059932728,Bx-MT_12,-8228262.538408002,4542522.510901719
1,110.79928549725165,10,1.2819241393361023,Bx-MT_01,-8228119.844631923,4542556.47893114
3,202.73941342451383,4,0.2695875528638813,Bx-MT_06,-8227924.611395777,4542565.038286787
2,228.2964589742611,5,0.15620497533456132,Bx-MT_27,-8227824.162253259,4542565.925503129
3,3.836409881684776,13,1.5906524311899874,M-CH_22,-8231796.375643235,4542598.542113931
3,68.25015811998705,9,1.3948331821194362,M-CH_29,-8231631.066199408,4542598.876072404
4,89.2868464638349,14,1.3766132002571057,M-CH_04,-8232245.820294948,4542616.548041567
2,17.786084344349376,5,0.9386949261569277,M-CH_34,-8232020.6844171835,4542622.25316547
2,230.91957067700403,4,0.22845912156936515,Bx-MT_11,-8227863.274356349,4542634.858984607
3,196.83512004100933,16,1.7505226960602154,Bx-MT_35,-8227674.47316038,4542635.042661767
3,100.09563472413865,22,1.6750121622570908,M-CH_05,-8232296.311476389,4542637.503935709
1,105.40104457754816,21,1.7960837535023475,M-CH_19,-8231898.232977311,4542641.177478905
0,194.06564686795966,19,1.6925819460900502,Bx-MT_15,-8228119.381542844,4542648.858523769
2,72.70800858920916,11,1.1069007466433947,Bx-MT_10,-8228345.193129918,4542651.612567971
2,97.30695860490697,12,1.043342125771144,M-CH_09,-8231742.385690201,4542677.912910867
3,163.87850429281278,6,,Bx-MT_25,-8227780.8144435445,4542679.967868666
2,235.86876924315123,2,0.2616410607012932,Bx-MT_20,-8227512.168229607,4542697.0977119105
3,171.10468903400624,21,1.5857374963737334,M-CH_23,-8231335.634289597,4542704.245536414
2,159.84418873622934,1,0.09237454083137689,Bx-MT_05,-8228242.160262018,4542707.821118458
0,317.2348504067267,2,0.2059606212757199,Bx-MT_23,-8227411.055622926,4542713.757786903
3,114.88152859699848,4,0.5899061820288272,Bx-MT_17,-8227720.2577537475,4542714.86875542
0,181.32187932723664,5,0.5262497821308206,Bx-MT_22,-8227972.217176014,4542719.7690394055
0,63.17508529529597,10,1.030957982514008,M-CH_06,-8231887.101028232,4542728.0066817235
4,48.11858287275872,10,1.4348849051225074,M-CH_24,-8231071.8349262895,4542729.793359551
1,232.2743868638617,12,1.1083942519952943,Bx-MT_04,-8228143.434345218,4542732.792306634
1,48.73267006982318,11,1.5803317984664844,M-CH_18,-8231092.725141931,4542734.685851171
0,253.12851540355783,0,0.0,Bk-RH_33,-8224280.501072965,4542766.418585217
2,32.588847572443335,4,1.1331078739392195,M-CH_33,-8232321.247042326,4542788.119206752
2,121.76541287452757,1,0.11831655049686778,M-CH_07,-8231767.429236043,4542792.641004468
3,21.206188476708096,2,0.29929322434345706,Bx-MT_18,-8227680.499997609,4542836.858219407
3,36.60279409651972,13,1.7992221961773052,M-CH_25,-8231653.330097566,4542838.21297761
3,94.28364593199102,11,1.2628246043597056,Bx-MT_32,-8228031.661784099,4542839.994089462
1,16.432953520656064,12,1.445015799106253,Bx-MT_26,-8227857.335461514,4542857.137291044
1,111.71702712469101,2,0.07031684397368657,Bx-HP_35,-8224738.077613479,4542868.9827980595
2,125.5596016636646,2,0.06891033151623077,Bx-HP_35,-8224758.7574352855,4542878.510633277
1,137.09757628106877,5,0.19660397398238044,M-CH_01,-8232027.697545103,4542881.404940037
1,208.6719532786166,11,0.7242624492363301,Bx-MT_34,-8227452.132515028,4542917.806413527
2,164.609598328043,6,0.20421430898675252,M-CH_12,-8232070.869470023,4542920.612777889
1,3.2710426393560246,2,0.09704123553731653,Bx-HP_33,-8224447.285500045,4542965.451155586
0,274.83418204402915,5,0.1403648007665883,Bx-HP_05,-8224935.866745138,4542965.785114058
3,150.0253584572538,5,0.5487343151570494,Bx-HP_03,-8224812.302110357,4542983.373593603
3,284.109814931404,3,0.0937790207252082,Bx-HP_16,-8224947.2591818245,4542986.810026284
1,234.41235863069767,9,0.3472947521148254,Bx-HP_15,-8225222.737072912,4543024.005207743
1,232.47474473931962,5,0.09038752398574051,Bx-HP_07,-8225313.7964163795,4543028.1240289025
1,244.3169807256109,5,0.32178896859641937,Bx-HP_22,-8224906.033121604,4543034.246600896
1,34.3242147308888,2,0.13093091610718877,Bx-HP_26,-8224674.711219736,4543036.13903224
3,132.26384430192465,0,0.0,Bx-HP_31,-8224338.971635504,4543037.697505111
2,234.79906702295523,5,0.64886975247022,Bx-HP_18,-8225121.325016799,4543049.274732153
1,198.2092729622694,10,0.4920592877676109,Bx-HP_09,-8225216.169222955,4543061.631195631
3,276.8601645332312,5,0.45970493335718404,Bx-HP_34,-8225021.248794575,4543070.982032858
0,50.97167619285949,2,0.1714160119194596,Bx-HP_29,-8224557.603115421,4543071.427310821
1,160.33284342551127,0,0.0,Bx-HP_27,-8224379.8258886235,4543118.8494139
1,218.0835504950386,1,0.19056378344124678,Bx-HP_13,-8224612.421285468,4543232.102524247
5,151.17195483976508,12,0.7629479023630962,Bx-HP_17,-8225048.076791856,4543245.19703595
1,130.10171975553254,11,0.6280298944710319,Bx-HP_06,-8224944.99494338,4543249.761135072
4,13.074326750254782,21,1.003721251886386,Bx-HP_08,-8225274.1666776575,4543281.041911984
3,294.4661252593452,0,0.0,Bx-HP_32,-8224407.544441833,4543300.634142364
0,85.47276488356388,7,0.21379104000576174,Bx-HP_23,-8224828.109478049,4543334.920545529
5,85.49009857376228,3,0.18842832343252913,Bx-HP_11,-8225353.7601135755,4543386.016191802
6,86.6515437288863,3,0.18842832343252913,Bx-HP_12,-8225362.443033857,4543386.684108747
0,22.40385491626564,2,0.2617376718814937,Bx-HP_04,-8225002.324481141,4543396.9255019
4,317.49740016962625,1,0.3192224122769171,Bx-HP_24,-8224576.638748347,4543403.715990839
4,3.7467484332766774,3,0.8341463555524434,Bx-HP_10,-8224917.387709665,4543420.413914458
0,207.9851021326107,3,0.13072721086173467,Bx-HP_21,-8224699.980744146,4543466.1662251735
1,111.35057083964543,1,0.6395558646508047,Bx-HP_01,-8224831.449062773,4543486.982969953
3,53.98691083242573,4,0.6112843242297719,Bx-HP_19,-8225008.558372626,4543487.539567406
0,197.69865583249296,3,0.5160947268461661,Bx-HP_20,-8224818.869960313,4543594.406278567
4,5.035704755680659,6,0.6532427544465776,Bx-HP_25,-8225265.575039358,4543602.1006817715
3,237.85655416019657,7,0.8479523854494471,Bx-HP_02,-8224967.704119504,4543680.6788839325
1,26.161325936101978,1,0.07081572375892597,Bx-HP_30,-8225328.267950184,4543688.359928798
0,73.13758537221467,4,0.30677571212389565,Bx-HP_14,-8224601.240355813,4543701.718267692
3,291.0603328753329,5,1.0416626494190129,Bx-HP_28,-8224935.198828193,4543734.557517476
4,5.081858206398062,5,,Bx-MH_08,-8227560.095723174,4547400.006673479
4,4.361922299485764,5,,Bx-MH_08,-8227556.772836374,4547400.085710318
0,107.24483091954906,7,0.9973718529401647,Bx-MH_04,-8228013.182748627,4547413.444049212
2,30.460866439984002,2,0.17235713810153186,Bx-MH_15,-8228191.2939338945,4547442.387116819
4,154.63190215134415,6,0.4918745886684824,Bx-MH_23,-8227365.291067066,4547453.001430267
2,115.02192624464763,8,0.7635165569413008,Bx-MH_01,-8227305.158504528,4547473.020014295
4,130.32726786141185,4,,Bx-MH_33,-8227868.467410595,4547530.329514546
0,111.75139301307163,6,0.1818762815195014,Bx-MH_02,-8227489.981141897,4547567.064946507
1,32.647401756641585,3,0.316946984086052,Bx-MH_31,-8228113.37029034,4547593.781624299
2,52.16523982539535,10,0.7834315114405587,Bx-MH_35,-8227881.140021426,4547616.853701959
0,130.13258125581783,12,0.5292507262996898,Bx-MH_17,-8228226.470892985,4547618.271912273
2,193.25599299754066,12,0.9231267522112527,Bx-MH_11,-8227323.001905709,4547621.611496995
2,40.36752537900364,11,0.7770461223181957,Bx-MH_35,-8227874.730245148,4547635.735713988
1,115.48613839601566,15,0.5486520376515915,Bx-MH_17,-8228180.161984817,4547647.214979879
4,16.36636667676372,3,0.5187795601446186,Bx-MH_29,-8227712.620123483,4547652.780954419
2,57.83525054392092,16,1.0450628087741665,Bx-MH_11,-8227196.304740456,4547674.312370327
1,50.99427558292144,9,0.8209862114729893,Bx-MH_20,-8227990.918850468,4547692.8559711035
0,134.8188642801601,17,0.6186317924687961,Bx-MH_18,-8228235.821730212,4547750.742106317
2,121.3497966474545,9,0.66550050973679,Bx-MH_32,-8227612.432581769,4547788.590733185
1,193.78466250805715,7,0.7005112578326084,Bx-MH_19,-8227501.113090978,4547789.703928093
1,219.2462367243875,5,0.3444632031978395,Bx-MH_06,-8228100.716603821,4547821.521264953
2,47.80180429835945,6,0.5133968659061056,Bx-MH_26,-8227679.2242762465,4547827.552554964
1,166.06487601231393,4,0.11655716590375312,Bx-MH_14,-8227523.3769891355,4547838.684504042
3,66.40884507448746,5,0.5027019964202764,Bx-MH_30,-8227812.807665198,4547873.193546189
3,59.5768580187743,13,1.1317013615592866,Bx-MH_21,-8227400.925549263,4547895.457444347
5,231.3305712730041,7,0.8684850239742603,Bx-MH_05,-8228002.050799546,4547904.363003611
2,157.18876379276364,13,1.0339376393880624,Bx-MH_13,-8228211.9270015145,4547938.52806853
2,152.15010235747184,1,0.2222273136370682,Bx-MH_10,-8227874.126893506,4547963.580519933
2,202.46709457744004,16,0.8693345243153932,Bx-MH_16,-8228184.726083939,4547977.833867534
2,61.625981368576056,17,1.2942835655240088,Bx-MH_28,-8227579.036734533,4547980.060257351
1,36.372220148844846,1,0.18135945271958584,Bx-MH_25,-8227712.620123483,4547997.8713758765
2,331.0726246673559,14,0.7996077666327721,Bx-MH_03,-8228046.578595864,4548014.569299497
1,46.38634899828323,22,1.0521803498886975,Bx-MH_22,-8227389.793600184,4548033.493612931
2,76.91820565277679,1,0.18135945271958584,Bx-MH_09,-8227723.752072564,4548056.8707059985
1,215.80159047912724,5,0.7001224799801633,Bx-MH_12,-8227890.7313087545,4548068.002655077
0,10.428003829179746,8,1.2173723860513577,Bx-MH_34,-8227569.685897306,4548099.28343199
3,94.17103770817883,20,1.333863104877386,Bx-MH_24,-8227456.58529466,4548105.8512819465
2,216.3602431303005,13,1.135625296477984,Bx-MH_07,-8228183.00953739,4548114.319355611
1,788.199134905928,22,0.8039718526588028,Bx-EC_25,-8220679.284376345,4550247.776320978
3,765.2457850032639,9,0.5125677697330009,Bx-EC_36,-8220828.133007069,4550283.544386566
2,496.11633290732414,19,1.1196218060144953,Bx-EC_30,-8220354.729061352,4550298.244125323
1,674.1356577000391,5,0.6564788630634764,Bx-EC_05,-8221166.6511257915,4550305.84613335
1,615.7613997269934,5,0.8688765942926213,Bx-EC_31,-8220476.296624468,4550319.884634335
0,769.7583472663783,5,0.5193548735435727,Bx-EC_33,-8220633.479745467,4550340.590059621
0,778.3587401595304,10,0.8265661951973515,Bx-EC_32,-8220986.807809246,4550371.20291959
1,829.3657778836719,15,1.0867257737189442,Bx-EC_20,-8221212.563736574,4550465.601847783
0,678.9214115962159,7,0.9348153053151455,Bx-EC_28,-8220596.410355034,4550488.311023905
1,796.7525149978746,5,0.720412784944845,Bx-EC_18,-8220984.69273892,4550545.083964209
2,903.7414254685707,19,1.15823090083683,Bx-EC_23,-8221150.342820391,4550550.561996351
1,925.0265185315644,12,1.1152467829946404,Bx-EC_26,-8221284.358128966,4550562.142562979
2,555.8270578456452,18,1.1336745244487139,Bx-EC_19,-8220407.077051897,4550590.6537109595
1,600.8065427888442,18,1.103050595936667,Bx-EC_03,-8220765.357719821,4550637.763006269
1,658.3332908012136,13,1.1553802430988442,Bx-EC_17,-8220916.127724956,4550667.4329901505
2,697.9891306958111,16,1.0197684015248485,Bx-EC_09,-8221016.727148786,4550709.023065105
2,422.0423794250732,9,0.9367773501711034,Bx-EC_10,-8220370.917141702,4550727.9473785395
1,799.179004003711,12,1.2968376342651227,Bx-EC_29,-8221166.523108377,4550738.302317574
1,458.90934069492874,10,1.1151151175565603,Bx-EC_22,-8220767.980407023,4550804.804581374
4,666.4622856380201,9,0.8955302100721391,Bx-EC_13,-8221111.708277916,4550916.668424477
2,227.33262852294453,15,1.0301352170071882,Bx-EC_02,-8220421.250249465,4550918.852512887
3,296.294906706393,22,1.1041242715193968,Bx-EC_08,-8220668.859306032,4550933.817192034
1,459.6493089600382,15,0.8900614702367297,Bx-EC_01,-8220898.921071264,4550951.502519536
3,510.0446711713455,7,0.8667574194254346,Bx-EC_27,-8220981.426625061,4551014.168713683
3,405.0257504341888,8,0.9863756650608548,Bx-EC_34,-8220869.238842239,4551014.566124265
3,166.6029605038448,17,1.4497506404422509,Bx-EC_04,-8220550.917418731,4551017.231112875
1,764.5688744953184,15,1.0071270322937318,Bx-EC_06,-8221251.530011131,4551048.472927966
1,97.54399370048044,6,1.0532714655345077,Bx-EC_14,-8220454.1440458,4551052.032925282
1,368.4961323023636,10,0.965869721330067,Bx-EC_12,-8220859.365916601,4551105.474073227
1,52.62977320365775,1,0.155446184057532,Bx-EC_11,-8220471.398566873,4551107.247392715
1,150.27545613408188,13,1.646549304554971,Bx-EC_16,-8220640.431647668,4551128.881222555
8,63.59363721105915,0,0.0,Bx-EC_07,-8220559.38660559,4551190.68246426
0,362.88131337112287,3,0.5666116975078801,Bx-EC_21,-8220851.777266913,4551254.634398526
